{"cameraMode":{"drawMode":0,"name":"Shaded","section":"Shading Mode"},"sceneLighting":false,"audioPlay":false,"sceneViewState":{"m_AlwaysRefresh":false,"showFog":true,"showSkybox":false,"showFlares":true,"showImageEffects":true,"showParticleSystems":true,"showVisualEffectGraphs":true,"m_FxEnabled":true},"in2DMode":false,"pivot":{"x":904.8605346679688,"y":649.4456787109375,"z":26.353221893310548},"rotation":{"x":0.32911261916160586,"y":-0.21354858577251435,"z":0.07667886465787888,"w":0.9166343808174133},"size":51.164432525634769,"orthographic":false}