{"cameraMode":{"drawMode":0,"name":"Shaded","section":"Shading Mode"},"sceneLighting":false,"audioPlay":false,"sceneViewState":{"m_AlwaysRefresh":false,"showFog":true,"showSkybox":false,"showFlares":true,"showImageEffects":true,"showParticleSystems":true,"showVisualEffectGraphs":true,"m_FxEnabled":true},"in2DMode":false,"pivot":{"x":3.1428136825561525,"y":0.5488910675048828,"z":-0.09358993172645569},"rotation":{"x":0.08570663630962372,"y":-0.6434725522994995,"z":0.07283710688352585,"w":0.7571884989738464},"size":0.8660253882408142,"orthographic":false}