{"cameraMode":{"drawMode":0,"name":"Shaded","section":"Shading Mode"},"sceneLighting":false,"audioPlay":false,"sceneViewState":{"m_AlwaysRefresh":false,"showFog":true,"showSkybox":false,"showFlares":true,"showImageEffects":true,"showParticleSystems":true,"showVisualEffectGraphs":true,"m_FxEnabled":true},"in2DMode":false,"pivot":{"x":104.57988739013672,"y":2.2100000381469728,"z":118.23710632324219},"rotation":{"x":0.08570663630962372,"y":-0.6434725522994995,"z":0.07283710688352585,"w":0.7571884989738464},"size":1.6824157238006592,"orthographic":false}