{"cameraMode":{"drawMode":0,"name":"Shaded","section":"Shading Mode"},"sceneLighting":true,"audioPlay":false,"sceneViewState":{"m_AlwaysRefresh":false,"showFog":true,"showSkybox":true,"showFlares":true,"showImageEffects":true,"showParticleSystems":true,"showVisualEffectGraphs":true,"m_FxEnabled":true},"in2DMode":false,"pivot":{"x":142.09014892578126,"y":375.6752624511719,"z":48.4681510925293},"rotation":{"x":0.12078879028558731,"y":0.0452609546482563,"z":-0.005513238720595837,"w":0.9916364550590515},"size":124.67343139648438,"orthographic":false}