{"cameraMode":{"drawMode":0,"name":"Shaded","section":"Shading Mode"},"sceneLighting":true,"audioPlay":false,"sceneViewState":{"m_AlwaysRefresh":false,"showFog":true,"showSkybox":true,"showFlares":true,"showImageEffects":true,"showParticleSystems":true,"showVisualEffectGraphs":true,"m_FxEnabled":true},"in2DMode":false,"pivot":{"x":115.5854263305664,"y":1.3364955186843873,"z":119.11237335205078},"rotation":{"x":0.042137179523706439,"y":0.3146490454673767,"z":-0.013982455246150494,"w":0.9481790065765381},"size":0.8937322497367859,"orthographic":false}