{"cameraMode":{"drawMode":0,"name":"Shaded","section":"Shading Mode"},"sceneLighting":true,"audioPlay":false,"sceneViewState":{"m_AlwaysRefresh":false,"showFog":true,"showSkybox":true,"showFlares":true,"showImageEffects":true,"showParticleSystems":true,"showVisualEffectGraphs":true,"m_FxEnabled":true},"in2DMode":false,"pivot":{"x":104.57988739013672,"y":-23.058176040649415,"z":76.32443237304688},"rotation":{"x":-0.0020628359634429218,"y":0.9613938927650452,"z":-0.27511101961135867,"w":-0.00722507294267416},"size":29.194536209106447,"orthographic":false}