{"cameraMode":{"drawMode":0,"name":"Shaded","section":"Shading Mode"},"sceneLighting":true,"audioPlay":false,"sceneViewState":{"m_AlwaysRefresh":false,"showFog":true,"showSkybox":true,"showFlares":true,"showImageEffects":true,"showParticleSystems":true,"showVisualEffectGraphs":true,"m_FxEnabled":true},"in2DMode":false,"pivot":{"x":108.40171813964844,"y":-3.7714078426361086,"z":109.08187103271485},"rotation":{"x":-0.07442823797464371,"y":0.9205166101455689,"z":-0.21622177958488465,"w":-0.31685763597488406},"size":10.323675155639649,"orthographic":false}