{"cameraMode":{"drawMode":0,"name":"Shaded","section":"Shading Mode"},"sceneLighting":true,"audioPlay":false,"sceneViewState":{"m_AlwaysRefresh":false,"showFog":true,"showSkybox":true,"showFlares":true,"showImageEffects":true,"showParticleSystems":true,"showVisualEffectGraphs":true,"m_FxEnabled":true},"in2DMode":false,"pivot":{"x":-0.7113862633705139,"y":0.1004771888256073,"z":0.06973443925380707},"rotation":{"x":0.26763737201690676,"y":-0.042753513902425769,"z":0.011885278858244419,"w":0.9625084400177002},"size":1.2742358446121216,"orthographic":false}