{"cameraMode":{"drawMode":0,"name":"Shaded","section":"Shading Mode"},"sceneLighting":false,"audioPlay":false,"sceneViewState":{"m_AlwaysRefresh":false,"showFog":true,"showSkybox":true,"showFlares":true,"showImageEffects":true,"showParticleSystems":true,"showVisualEffectGraphs":true,"m_FxEnabled":true},"in2DMode":false,"pivot":{"x":2.232253313064575,"y":4.922961711883545,"z":-6.539323806762695},"rotation":{"x":-0.38146400451660159,"y":0.042593229562044147,"z":-0.017296981066465379,"w":-0.9234840869903565},"size":1.3559317588806153,"orthographic":false}