{"cameraMode":{"drawMode":0,"name":"Shaded","section":"Shading Mode"},"sceneLighting":true,"audioPlay":false,"sceneViewState":{"m_AlwaysRefresh":false,"showFog":true,"showSkybox":true,"showFlares":true,"showImageEffects":true,"showParticleSystems":true,"showVisualEffectGraphs":true,"m_FxEnabled":true},"in2DMode":false,"pivot":{"x":468.2315368652344,"y":302.20599365234377,"z":-361.2135925292969},"rotation":{"x":0.14616088569164277,"y":0.01841062679886818,"z":-0.0027151228860020639,"w":0.9890937209129334},"size":182.71595764160157,"orthographic":false}