{"cameraMode":{"drawMode":0,"name":"Shaded","section":"Shading Mode"},"sceneLighting":true,"audioPlay":false,"sceneViewState":{"m_AlwaysRefresh":false,"showFog":true,"showSkybox":true,"showFlares":true,"showImageEffects":true,"showParticleSystems":true,"showVisualEffectGraphs":true,"m_FxEnabled":true},"in2DMode":false,"pivot":{"x":3.6821844577789308,"y":3.488536834716797,"z":2.5403225421905519},"rotation":{"x":0.36181947588920596,"y":-0.6239041686058044,"z":0.39833322167396548,"w":0.5667238235473633},"size":0.44348105788230898,"orthographic":false}