{"cameraMode":{"drawMode":0,"name":"Shaded","section":"Shading Mode"},"sceneLighting":true,"audioPlay":false,"sceneViewState":{"m_AlwaysRefresh":false,"showFog":true,"showSkybox":true,"showFlares":true,"showImageEffects":true,"showParticleSystems":true,"showVisualEffectGraphs":true,"m_FxEnabled":true},"in2DMode":false,"pivot":{"x":4.576494216918945,"y":1.6240202188491822,"z":-2.0205724239349367},"rotation":{"x":0.24616000056266786,"y":-0.0032819202169775964,"z":0.0008436127682216466,"w":0.9692469239234924},"size":0.8660253882408142,"orthographic":false}