{"cameraMode":{"drawMode":0,"name":"Shaded","section":"Shading Mode"},"sceneLighting":false,"audioPlay":false,"sceneViewState":{"m_AlwaysRefresh":false,"showFog":true,"showSkybox":false,"showFlares":true,"showImageEffects":true,"showParticleSystems":true,"showVisualEffectGraphs":true,"m_FxEnabled":true},"in2DMode":false,"pivot":{"x":0.0019251704216003419,"y":0.1245303750038147,"z":0.6263277530670166},"rotation":{"x":0.08570663630962372,"y":-0.6434725522994995,"z":0.07283710688352585,"w":0.7571884989738464},"size":1.2177298069000245,"orthographic":false}