{"cameraMode":{"drawMode":0,"name":"Shaded","section":"Shading Mode"},"sceneLighting":false,"audioPlay":false,"sceneViewState":{"m_AlwaysRefresh":false,"showFog":true,"showSkybox":false,"showFlares":true,"showImageEffects":true,"showParticleSystems":true,"showVisualEffectGraphs":true,"m_FxEnabled":true},"in2DMode":false,"pivot":{"x":-0.030000001192092897,"y":0.5199999809265137,"z":0.3100000023841858},"rotation":{"x":0.1319042444229126,"y":-0.017534172162413598,"z":0.002333269687369466,"w":0.9911054372787476},"size":0.21650634706020356,"orthographic":false}