{"cameraMode":{"drawMode":0,"name":"Shaded","section":"Shading Mode"},"sceneLighting":false,"audioPlay":false,"sceneViewState":{"m_AlwaysRefresh":false,"showFog":true,"showSkybox":false,"showFlares":true,"showImageEffects":true,"showParticleSystems":true,"showVisualEffectGraphs":true,"m_FxEnabled":true},"in2DMode":false,"pivot":{"x":7.003798484802246,"y":3.2906112670898439,"z":15.440467834472657},"rotation":{"x":0.5898630619049072,"y":0.034760937094688418,"z":-0.025319619104266168,"w":0.8066426515579224},"size":40.88351058959961,"orthographic":false}